id,course_code,year,round_num,points,created_at
1,US807,2024,1,307,"2025-08-07 22:49:48"
2,US808,2024,1,299,"2025-08-07 22:49:48"
3,US809,2024,1,290,"2025-08-07 22:49:48"
4,US812,2024,1,432,"2025-08-07 22:49:48"
5,US820,2024,1,338,"2025-08-07 22:49:48"
6,US821,2024,1,289,"2025-08-07 22:49:48"
7,US821,2024,2,281,"2025-08-07 22:49:48"
8,US822,2024,1,333,"2025-08-07 22:49:48"
9,US823,2024,1,300,"2025-08-07 22:49:48"
10,US824,2024,1,423,"2025-08-07 22:49:48"
11,US825,2024,1,254,"2025-08-07 22:49:48"
12,US826,2024,1,306,"2025-08-07 22:49:48"
13,US827,2024,1,328,"2025-08-07 22:49:48"
14,US828,2024,1,270,"2025-08-07 22:49:48"
15,US829,2024,1,222,"2025-08-07 22:49:48"
16,US837,2024,1,318,"2025-08-07 22:49:48"
17,US838,2024,1,292,"2025-08-07 22:49:48"
18,US840,2024,1,289,"2025-08-07 22:49:48"
19,US841,2024,1,300,"2025-08-07 22:49:48"
20,US842,2024,1,220,"2025-08-07 22:49:48"
21,US843,2024,1,253,"2025-08-07 22:49:48"
22,US844,2024,1,235,"2025-08-07 22:49:48"
23,US845,2024,1,350,"2025-08-07 22:49:48"
24,US845,2024,2,323,"2025-08-07 22:49:48"
25,US846,2024,1,298,"2025-08-07 22:49:48"
26,US847,2024,1,309,"2025-08-07 22:49:48"
27,US848,2024,1,280,"2025-08-07 22:49:48"
28,US849,2024,1,307,"2025-08-07 22:49:48"
29,US850,2024,1,327,"2025-08-07 22:49:48"
30,US851,2024,1,251,"2025-08-07 22:49:48"
31,US852,2024,1,264,"2025-08-07 22:49:48"
32,US852,2024,2,264,"2025-08-07 22:49:48"
33,US853,2024,1,291,"2025-08-07 22:49:48"
34,US854,2024,1,303,"2025-08-07 22:49:48"
35,US855,2024,1,288,"2025-08-07 22:49:48"
36,US860,2024,1,378,"2025-08-07 22:49:48"
37,US861,2024,1,324,"2025-08-07 22:49:48"
38,US862,2024,1,308,"2025-08-07 22:49:48"
39,US863,2024,1,441,"2025-08-07 22:49:48"
40,US864,2024,1,309,"2025-08-07 22:49:48"
41,US865,2024,1,305,"2025-08-07 22:49:48"
42,US866,2024,1,280,"2025-08-07 22:49:48"
43,US867,2024,1,289,"2025-08-07 22:49:48"
44,US868,2024,1,289,"2025-08-07 22:49:48"
45,US869,2024,1,347,"2025-08-07 22:49:48"
46,US870,2024,1,302,"2025-08-07 22:49:48"
47,US870,2024,2,281,"2025-08-07 22:49:48"
48,US877,2024,1,378,"2025-08-07 22:49:48"
49,US878,2024,1,299,"2025-08-07 22:49:48"
50,US880,2024,1,288,"2025-08-07 22:49:48"
51,US881,2024,1,308,"2025-08-07 22:49:48"
52,US882,2024,1,306,"2025-08-07 22:49:48"
53,US883,2024,1,300,"2025-08-07 22:49:48"
54,US884,2024,1,290,"2025-08-07 22:49:48"
55,US885,2024,1,280,"2025-08-07 22:49:48"
56,US886,2024,1,358,"2025-08-07 22:49:48"
57,US887,2024,1,437,"2025-08-07 22:49:48"
58,US900,2024,1,347,"2025-08-07 22:49:48"
59,US901,2024,1,304,"2025-08-07 22:49:48"
60,US902,2024,1,328,"2025-08-07 22:49:48"
61,US903,2024,1,278,"2025-08-07 22:49:48"
62,US909,2024,1,319,"2025-08-07 22:49:48"
63,US910,2024,1,309,"2025-08-07 22:49:48"
64,US911,2024,1,318,"2025-08-07 22:49:48"
65,US912,2024,1,342,"2025-08-07 22:49:48"
66,US913,2024,1,369,"2025-08-07 22:49:48"
67,US914,2024,1,246,"2025-08-07 22:49:48"
68,US915,2024,1,314,"2025-08-07 22:49:48"
69,US916,2024,1,318,"2025-08-07 22:49:48"
70,US917,2024,1,296,"2025-08-07 22:49:48"
71,US920,2024,1,337,"2025-08-07 22:49:48"
72,US921,2024,1,270,"2025-08-07 22:49:48"
73,US922,2024,1,260,"2025-08-07 22:49:48"
74,US923,2024,1,225,"2025-08-07 22:49:48"
75,US924,2024,1,403,"2025-08-07 22:49:48"
76,US925,2024,1,420,"2025-08-07 22:49:48"
77,US926,2024,1,262,"2025-08-07 22:49:48"
78,US927,2024,1,298,"2025-08-07 22:49:48"
79,US927,2024,2,262,"2025-08-07 22:49:48"
80,US928,2024,1,248,"2025-08-07 22:49:48"
81,US928,2024,2,248,"2025-08-07 22:49:48"
82,US930,2024,1,278,"2025-08-07 22:49:48"
83,US930,2024,2,278,"2025-08-07 22:49:48"
84,US931,2024,1,262,"2025-08-07 22:49:48"
85,US932,2024,1,273,"2025-08-07 22:49:48"
86,US940,2024,1,229,"2025-08-07 22:49:48"
87,US941,2024,1,251,"2025-08-07 22:49:48"
88,US942,2024,1,251,"2025-08-07 22:49:48"
89,US946,2024,1,280,"2025-08-07 22:49:48"
90,US950,2024,1,287,"2025-08-07 22:49:48"
91,US951,2024,1,368,"2025-08-07 22:49:48"
92,US952,2024,1,234,"2025-08-07 22:49:48"
93,US953,2024,1,225,"2025-08-07 22:49:48"
94,US954,2024,1,264,"2025-08-07 22:49:48"
95,US956,2024,1,484,"2025-08-07 22:49:48"
96,US957,2024,1,271,"2025-08-07 22:49:48"
97,US958,2024,1,244,"2025-08-07 22:49:48"
98,US959,2024,1,278,"2025-08-07 22:49:48"
99,US961,2024,1,218,"2025-08-07 22:49:48"
100,SE201,2024,1,292,"2025-08-07 22:49:48"
101,SE202,2024,1,245,"2025-08-07 22:49:48"
102,SE203,2024,1,260,"2025-08-07 22:49:48"
103,SE204,2024,1,220,"2025-08-07 22:49:48"
104,SE205,2024,1,440,"2025-08-07 22:49:48"
105,SE205,2024,2,433,"2025-08-07 22:49:48"
106,SE208,2024,1,341,"2025-08-07 22:49:48"
107,SE300,2024,1,307,"2025-08-07 22:49:48"
108,SE400,2024,1,270,"2025-08-07 22:49:48"
109,SE401,2024,1,260,"2025-08-07 22:49:48"
110,SE402,2024,1,323,"2025-08-07 22:49:48"
111,SE403,2024,1,270,"2025-08-07 22:49:48"
112,SE404,2024,1,319,"2025-08-07 22:49:48"
113,SE405,2024,1,287,"2025-08-07 22:49:48"
114,SE406,2024,1,288,"2025-08-07 22:49:48"
115,SE407,2024,1,318,"2025-08-07 22:49:48"
116,SE408,2024,1,304,"2025-08-07 22:49:48"
117,SE409,2024,1,244,"2025-08-07 22:49:48"
118,SE410,2024,1,293,"2025-08-07 22:49:48"
119,SE411,2024,1,280,"2025-08-07 22:49:48"
120,SE412,2024,1,279,"2025-08-07 22:49:48"
121,SE413,2024,1,282,"2025-08-07 22:49:48"
122,SE500,2024,1,279,"2025-08-07 22:49:48"
123,SE501,2024,1,299,"2025-08-07 22:49:48"
124,SE502,2024,1,379,"2025-08-07 22:49:48"
125,SE503,2024,1,262,"2025-08-07 22:49:48"
126,SE504,2024,1,283,"2025-08-07 22:49:48"
127,SE521,2024,1,388,"2025-08-07 22:49:48"
128,SE600,2024,1,309,"2025-08-07 22:49:48"
129,SE601,2024,1,308,"2025-08-07 22:49:48"
130,SE602,2024,1,301,"2025-08-07 22:49:48"
131,SE603,2024,1,309,"2025-08-07 22:49:48"
132,SE604,2024,1,300,"2025-08-07 22:49:48"
133,SE605,2024,1,338,"2025-08-07 22:49:48"
134,SE606,2024,1,317,"2025-08-07 22:49:48"
135,SE607,2024,1,299,"2025-08-07 22:49:48"
136,SE608,2024,1,319,"2025-08-07 22:49:48"
137,SE700,2024,1,272,"2025-08-07 22:49:48"
138,SE700,2024,2,272,"2025-08-07 22:49:48"
139,SE701,2024,1,402,"2025-08-07 22:49:48"
140,SE702,2024,1,330,"2025-08-07 22:49:48"
141,SE703,2024,1,305,"2025-08-07 22:49:48"
142,SE704,2024,1,280,"2025-08-07 22:49:48"
143,SE705,2024,1,307,"2025-08-07 22:49:48"
144,SE706,2024,1,298,"2025-08-07 22:49:48"
145,SE707,2024,1,263,"2025-08-07 22:49:48"
146,SE708,2024,1,289,"2025-08-07 22:49:48"
147,SE709,2024,1,288,"2025-08-07 22:49:48"
148,SE710,2024,1,308,"2025-08-07 22:49:48"
149,SE711,2024,1,433,"2025-08-07 22:49:48"
150,SE712,2024,1,264,"2025-08-07 22:49:48"
151,SE713,2024,1,433,"2025-08-07 22:49:48"
152,SE714,2024,1,440,"2025-08-07 22:49:48"
153,SE732,2024,1,309,"2025-08-07 22:49:48"
154,SE734,2024,1,291,"2025-08-07 22:49:48"
155,SE734,2024,2,291,"2025-08-07 22:49:48"
156,SE900,2024,1,300,"2025-08-07 22:49:48"
157,SE901,2024,1,473,"2025-08-07 22:49:48"
158,SE902,2024,1,279,"2025-08-07 22:49:48"
159,SE903,2024,1,340,"2025-08-07 22:49:48"
160,SE904,2024,1,272,"2025-08-07 22:49:48"
161,SE905,2024,1,440,"2025-08-07 22:49:48"
162,SE906,2024,1,271,"2025-08-07 22:49:48"
163,SE910,2024,1,307,"2025-08-07 22:49:48"
164,SE911,2024,1,269,"2025-08-07 22:49:48"
165,SE912,2024,1,244,"2025-08-07 22:49:48"
166,SE913,2024,1,260,"2025-08-07 22:49:48"
167,SE914,2024,1,330,"2025-08-07 22:49:48"
168,SE915,2024,1,418,"2025-08-07 22:49:48"
169,SE916,2024,1,308,"2025-08-07 22:49:48"
170,SE917,2024,1,263,"2025-08-07 22:49:48"
171,SE918,2024,1,260,"2025-08-07 22:49:48"
172,SE919,2024,1,260,"2025-08-07 22:49:48"
173,SE920,2024,1,293,"2025-08-07 22:49:48"
174,SE921,2024,1,307,"2025-08-07 22:49:48"
175,SE922,2024,1,281,"2025-08-07 22:49:48"
176,SE923,2024,1,269,"2025-08-07 22:49:48"
177,PC410,2024,1,280,"2025-08-07 22:49:48"
178,PC410,2024,2,226,"2025-08-07 22:49:48"
179,PC411,2024,1,292,"2025-08-07 22:49:48"
180,PC411,2024,2,224,"2025-08-07 22:49:48"
181,PC414,2024,1,298,"2025-08-07 22:49:48"
182,PC414,2024,2,201,"2025-08-07 22:49:48"
183,MT800,2024,1,453,"2025-08-07 22:49:48"
184,MT802,2024,1,381,"2025-08-07 22:49:48"
185,MT803,2024,1,308,"2025-08-07 22:49:48"
186,MT805,2024,1,348,"2025-08-07 22:49:48"
187,MT822,2024,1,279,"2025-08-07 22:49:48"
188,MT822,2024,2,252,"2025-08-07 22:49:48"
189,MT824,2024,1,384,"2025-08-07 22:49:48"
190,MT830,2024,1,454,"2025-08-07 22:49:48"
191,MT831,2024,1,424,"2025-08-07 22:49:48"
192,MT832,2024,1,340,"2025-08-07 22:49:48"
193,MT833,2024,1,316,"2025-08-07 22:49:48"
194,MT836,2024,1,453,"2025-08-07 22:49:48"
195,MT837,2024,1,400,"2025-08-07 22:49:48"
196,MT838,2024,1,454,"2025-08-07 22:49:48"
197,MT839,2024,1,455,"2025-08-07 22:49:48"
198,MT844,2024,1,380,"2025-08-07 22:49:48"
199,MT845,2024,1,361,"2025-08-07 22:49:48"
200,MT846,2024,1,351,"2025-08-07 22:49:48"
201,MT847,2024,1,329,"2025-08-07 22:49:48"
202,MT848,2024,1,310,"2025-08-07 22:49:48"
203,MT856,2024,1,339,"2025-08-07 22:49:48"
204,MT857,2024,1,389,"2025-08-07 22:49:48"
205,MT859,2024,1,368,"2025-08-07 22:49:48"
206,MT860,2024,1,360,"2025-08-07 22:49:48"
207,MT870,2024,1,327,"2025-08-07 22:49:48"
208,MT870,2024,2,327,"2025-08-07 22:49:48"
209,MT871,2024,1,556,"2025-08-07 22:49:48"
210,MT872,2024,1,308,"2025-08-07 22:49:48"
211,MT873,2024,1,442,"2025-08-07 22:49:48"
212,MT874,2024,1,380,"2025-08-07 22:49:48"
213,MT875,2024,1,442,"2025-08-07 22:49:48"
214,MT876,2024,1,397,"2025-08-07 22:49:48"
215,MT877,2024,1,299,"2025-08-07 22:49:48"
216,MT878,2024,1,317,"2025-08-07 22:49:48"
217,MT879,2024,1,357,"2025-08-07 22:49:48"
218,MT880,2024,1,317,"2025-08-07 22:49:48"
219,MT881,2024,1,300,"2025-08-07 22:49:48"
220,MT906,2024,1,451,"2025-08-07 22:49:48"
221,MT910,2024,1,408,"2025-08-07 22:49:48"
222,MT911,2024,1,302,"2025-08-07 22:49:48"
223,MT912,2024,1,307,"2025-08-07 22:49:48"
224,MT913,2024,1,300,"2025-08-07 22:49:48"
225,MT915,2024,1,411,"2025-08-07 22:49:48"
226,MT926,2024,1,352,"2025-08-07 22:49:48"
227,MT927,2024,1,327,"2025-08-07 22:49:48"
228,MT927,2024,2,307,"2025-08-07 22:49:48"
229,MT940,2024,1,309,"2025-08-07 22:49:48"
230,MT941,2024,1,306,"2025-08-07 22:49:48"
231,MT942,2024,1,301,"2025-08-07 22:49:48"
232,MT943,2024,1,337,"2025-08-07 22:49:48"
233,MT944,2024,1,348,"2025-08-07 22:49:48"
234,MT945,2024,1,333,"2025-08-07 22:49:48"
235,MT946,2024,1,319,"2025-08-07 22:49:48"
236,MT947,2024,1,291,"2025-08-07 22:49:48"
237,MT948,2024,1,317,"2025-08-07 22:49:48"
238,MT970,2024,1,338,"2025-08-07 22:49:48"
239,MT970,2024,2,321,"2025-08-07 22:49:48"
240,MT971,2024,1,306,"2025-08-07 22:49:48"
241,MT972,2024,1,329,"2025-08-07 22:49:48"
242,MT972,2024,2,318,"2025-08-07 22:49:48"
243,MT974,2024,1,308,"2025-08-07 22:49:48"
244,CK101,2024,1,300,"2025-08-07 22:49:48"
245,CK102,2024,1,369,"2025-08-07 22:49:48"
246,CK102,2024,2,350,"2025-08-07 22:49:48"
247,CK105,2024,1,378,"2025-08-07 22:49:48"
248,CK105,2024,2,357,"2025-08-07 22:49:48"
249,CK108,2024,1,400,"2025-08-07 22:49:48"
250,CK109,2024,1,368,"2025-08-07 22:49:48"
251,CK109,2024,2,300,"2025-08-07 22:49:48"
252,CK110,2024,1,404,"2025-08-07 22:49:48"
253,CK110,2024,2,310,"2025-08-07 22:49:48"
254,CK111,2024,1,342,"2025-08-07 22:49:48"
255,CK111,2024,2,300,"2025-08-07 22:49:48"
256,CK113,2024,1,405,"2025-08-07 22:49:49"
257,CK113,2024,2,390,"2025-08-07 22:49:49"
258,CK118,2024,1,356,"2025-08-07 22:49:49"
259,CK118,2024,2,313,"2025-08-07 22:49:49"
260,CK120,2024,1,532,"2025-08-07 22:49:49"
261,CK120,2024,2,523,"2025-08-07 22:49:49"
262,CK121,2024,1,498,"2025-08-07 22:49:49"
263,CK121,2024,2,476,"2025-08-07 22:49:49"
264,CK122,2024,1,323,"2025-08-07 22:49:49"
265,CK122,2024,2,310,"2025-08-07 22:49:49"
266,CK123,2024,1,307,"2025-08-07 22:49:49"
267,CK124,2024,1,408,"2025-08-07 22:49:49"
268,CK124,2024,2,328,"2025-08-07 22:49:49"
269,CK125,2024,1,521,"2025-08-07 22:49:49"
270,CK125,2024,2,519,"2025-08-07 22:49:49"
271,CK201,2024,1,509,"2025-08-07 22:49:49"
272,CK201,2024,2,501,"2025-08-07 22:49:49"
273,CK202,2024,1,498,"2025-08-07 22:49:49"
274,CK203,2024,1,443,"2025-08-07 22:49:49"
275,CK212,2024,1,466,"2025-08-07 22:49:49"
276,CK212,2024,2,455,"2025-08-07 22:49:49"
277,CK213,2024,1,463,"2025-08-07 22:49:49"
278,CK214,2024,1,343,"2025-08-07 22:49:49"
279,CK214,2024,2,323,"2025-08-07 22:49:49"
280,CK215,2024,1,456,"2025-08-07 22:49:49"
281,CK301,2024,1,530,"2025-08-07 22:49:49"
282,CK301,2024,2,529,"2025-08-07 22:49:49"
283,CK302,2024,1,510,"2025-08-07 22:49:49"
284,CK304,2024,1,522,"2025-08-07 22:49:49"
285,CK304,2024,2,509,"2025-08-07 22:49:49"
286,CK307,2024,1,578,"2025-08-07 22:49:49"
287,CK401,2024,1,500,"2025-08-07 22:49:49"
288,CK402,2024,1,533,"2025-08-07 22:49:49"
289,CK404,2024,1,489,"2025-08-07 22:49:49"
290,CK404,2024,2,485,"2025-08-07 22:49:49"
291,CK405,2024,1,521,"2025-08-07 22:49:49"
292,CK405,2024,2,516,"2025-08-07 22:49:49"
293,CK406,2024,1,521,"2025-08-07 22:49:49"
294,CK406,2024,2,520,"2025-08-07 22:49:49"
295,CK407,2024,1,566,"2025-08-07 22:49:49"
296,CK407,2024,2,555,"2025-08-07 22:49:49"
297,CK408,2024,1,590,"2025-08-07 22:49:49"
298,CK408,2024,2,578,"2025-08-07 22:49:49"
299,CK411,2024,1,427,"2025-08-07 22:49:49"
300,CK412,2024,1,446,"2025-08-07 22:49:49"
301,CK412,2024,2,422,"2025-08-07 22:49:49"
302,CK413,2024,1,517,"2025-08-07 22:49:49"
303,CK413,2024,2,508,"2025-08-07 22:49:49"
304,CK504,2024,1,531,"2025-08-07 22:49:49"
305,CK504,2024,2,523,"2025-08-07 22:49:49"
306,CK505,2024,1,440,"2025-08-07 22:49:49"
307,CK505,2024,2,433,"2025-08-07 22:49:49"
308,CK600,2024,1,509,"2025-08-07 22:49:49"
309,CK600,2024,2,499,"2025-08-07 22:49:49"
310,CK606,2024,1,522,"2025-08-07 22:49:49"
311,CK606,2024,2,520,"2025-08-07 22:49:49"
312,CK704,2024,1,556,"2025-08-07 22:49:49"
313,CK706,2024,1,398,"2025-08-07 22:49:49"
314,CK706,2024,2,339,"2025-08-07 22:49:49"
315,CK707,2024,1,532,"2025-08-07 22:49:49"
316,CK707,2024,2,523,"2025-08-07 22:49:49"
317,CK708,2024,1,487,"2025-08-07 22:49:49"
318,CK710,2024,1,440,"2025-08-07 22:49:49"
319,CK712,2024,1,528,"2025-08-07 22:49:49"
320,CK712,2024,2,511,"2025-08-07 22:49:49"
321,CK720,2024,1,409,"2025-08-07 22:49:49"
322,CK720,2024,2,398,"2025-08-07 22:49:49"
323,CK730,2024,1,369,"2025-08-07 22:49:49"
324,CK730,2024,2,361,"2025-08-07 22:49:49"
325,CK740,2024,1,444,"2025-08-07 22:49:49"
326,AU300,2024,1,332,"2025-08-07 22:49:49"
327,AU301,2024,1,287,"2025-08-07 22:49:49"
328,AU302,2024,1,307,"2025-08-07 22:49:49"
329,AU310,2024,1,327,"2025-08-07 22:49:49"
330,AU311,2024,1,319,"2025-08-07 22:49:49"
331,AU312,2024,1,307,"2025-08-07 22:49:49"
332,AU320,2024,1,317,"2025-08-07 22:49:49"
333,AU321,2024,1,357,"2025-08-07 22:49:49"
334,AU322,2024,1,291,"2025-08-07 22:49:49"
335,AU340,2024,1,310,"2025-08-07 22:49:49"
336,AU341,2024,1,341,"2025-08-07 22:49:49"
337,AU342,2024,1,300,"2025-08-07 22:49:49"
338,AU343,2024,1,326,"2025-08-07 22:49:49"
339,AU350,2024,1,360,"2025-08-07 22:49:49"
340,AU351,2024,1,342,"2025-08-07 22:49:49"
341,AU360,2024,1,308,"2025-08-07 22:49:49"
342,AU361,2024,1,327,"2025-08-07 22:49:49"
343,AU362,2024,1,320,"2025-08-07 22:49:49"
344,AU363,2024,1,345,"2025-08-07 22:49:49"
345,AU370,2024,1,308,"2025-08-07 22:49:49"
346,AU371,2024,1,316,"2025-08-07 22:49:49"
347,AU372,2024,1,369,"2025-08-07 22:49:49"
348,AU373,2024,1,346,"2025-08-07 22:49:49"
349,AU380,2024,1,343,"2025-08-07 22:49:49"
350,AU381,2024,1,272,"2025-08-07 22:49:49"
351,AU382,2024,1,271,"2025-08-07 22:49:49"
352,AU390,2024,1,300,"2025-08-07 22:49:49"
353,AU391,2024,1,308,"2025-08-07 22:49:49"
354,AU600,2024,1,310,"2025-08-07 22:49:49"
355,AU601,2024,1,280,"2025-08-07 22:49:49"
356,AU602,2024,1,307,"2025-08-07 22:49:49"
357,AU603,2024,1,308,"2025-08-07 22:49:49"
358,AU604,2024,1,310,"2025-08-07 22:49:49"
359,AU605,2024,1,303,"2025-08-07 22:49:49"
360,AU606,2024,1,284,"2025-08-07 22:49:49"
361,AU607,2024,1,348,"2025-08-07 22:49:49"
362,AU615,2024,1,321,"2025-08-07 22:49:49"
363,AU616,2024,1,303,"2025-08-07 22:49:49"
364,AU617,2024,1,401,"2025-08-07 22:49:49"
365,AU620,2024,1,410,"2025-08-07 22:49:49"
366,AU621,2024,1,326,"2025-08-07 22:49:49"
367,AU622,2024,1,318,"2025-08-07 22:49:49"
368,AU623,2024,1,318,"2025-08-07 22:49:49"
369,AU624,2024,1,310,"2025-08-07 22:49:49"
370,AU625,2024,1,337,"2025-08-07 22:49:49"
371,AU628,2024,1,281,"2025-08-07 22:49:49"
372,AU629,2024,1,280,"2025-08-07 22:49:49"
373,AU630,2024,1,288,"2025-08-07 22:49:49"
374,AU631,2024,1,281,"2025-08-07 22:49:49"
375,AU635,2024,1,332,"2025-08-07 22:49:49"
376,AU636,2024,1,351,"2025-08-07 22:49:49"
377,AU637,2024,1,327,"2025-08-07 22:49:49"
378,AU638,2024,1,410,"2025-08-07 22:49:49"
379,AU642,2024,1,309,"2025-08-07 22:49:49"
380,AU645,2024,1,430,"2025-08-07 22:49:49"
381,AU646,2024,1,328,"2025-08-07 22:49:49"
382,AU647,2024,1,392,"2025-08-07 22:49:49"
383,AU648,2024,1,334,"2025-08-07 22:49:49"
384,AU649,2024,1,462,"2025-08-07 22:49:49"
385,AU650,2024,1,319,"2025-08-07 22:49:49"
386,AU655,2024,1,400,"2025-08-07 22:49:49"
387,AU656,2024,1,350,"2025-08-07 22:49:49"
388,AU657,2024,1,311,"2025-08-07 22:49:49"
389,AU662,2024,1,356,"2025-08-07 22:49:49"
390,AU663,2024,1,357,"2025-08-07 22:49:49"
391,AU664,2024,1,318,"2025-08-07 22:49:49"
392,AU668,2024,1,361,"2025-08-07 22:49:49"
393,AU669,2024,1,380,"2025-08-07 22:49:49"
394,AU670,2024,1,378,"2025-08-07 22:49:49"
395,AU671,2024,1,490,"2025-08-07 22:49:49"
396,AU675,2024,1,317,"2025-08-07 22:49:49"
397,AU676,2024,1,341,"2025-08-07 22:49:49"
398,AU677,2024,1,300,"2025-08-07 22:49:49"
399,AU680,2024,1,400,"2025-08-07 22:49:49"
400,AU681,2024,1,400,"2025-08-07 22:49:49"
401,AU682,2024,1,403,"2025-08-07 22:49:49"
402,AU683,2024,1,409,"2025-08-07 22:49:49"
403,AU690,2024,1,342,"2025-08-07 22:49:49"
404,AU690,2024,2,341,"2025-08-07 22:49:49"
405,AU691,2024,1,273,"2025-08-07 22:49:49"
406,AU693,2024,1,352,"2025-08-07 22:49:49"
407,AU694,2024,1,280,"2025-08-07 22:49:49"
408,AU695,2024,1,308,"2025-08-07 22:49:49"
409,AU696,2024,1,309,"2025-08-07 22:49:49"
410,AU698,2024,1,358,"2025-08-07 22:49:49"
411,AU698,2024,2,349,"2025-08-07 22:49:49"
412,AU699,2024,1,330,"2025-08-07 22:49:49"
413,AU900,2024,1,280,"2025-08-07 22:49:49"
414,AU901,2024,1,317,"2025-08-07 22:49:49"
415,AU902,2024,1,316,"2025-08-07 22:49:49"
416,AU903,2024,1,310,"2025-08-07 22:49:49"
417,AU904,2024,1,305,"2025-08-07 22:49:49"
418,AU905,2024,1,284,"2025-08-07 22:49:49"
419,AU906,2024,1,339,"2025-08-07 22:49:49"
420,AU915,2024,1,300,"2025-08-07 22:49:49"
421,AU916,2024,1,328,"2025-08-07 22:49:49"
422,AU917,2024,1,357,"2025-08-07 22:49:49"
423,AU918,2024,1,300,"2025-08-07 22:49:49"
424,AU919,2024,1,290,"2025-08-07 22:49:49"
425,AU925,2024,1,440,"2025-08-07 22:49:49"
426,AU925,2024,2,432,"2025-08-07 22:49:49"
427,AU926,2024,1,401,"2025-08-07 22:49:49"
428,AU927,2024,1,312,"2025-08-07 22:49:49"
429,AU929,2024,1,306,"2025-08-07 22:49:49"
430,AU930,2024,1,305,"2025-08-07 22:49:49"
431,AU931,2024,1,309,"2025-08-07 22:49:49"
432,AU931,2024,2,306,"2025-08-07 22:49:49"
433,AU940,2024,1,413,"2025-08-07 22:49:49"
434,AU943,2024,1,413,"2025-08-07 22:49:49"
435,AU944,2024,1,418,"2025-08-07 22:49:49"
436,AU945,2024,1,346,"2025-08-07 22:49:49"
437,AU946,2024,1,301,"2025-08-07 22:49:49"
438,AU955,2024,1,307,"2025-08-07 22:49:49"
439,AU956,2024,1,308,"2025-08-07 22:49:49"
440,AU957,2024,1,321,"2025-08-07 22:49:49"
441,AU965,2024,1,402,"2025-08-07 22:49:49"
442,AU966,2024,1,339,"2025-08-07 22:49:49"
443,AU967,2024,1,310,"2025-08-07 22:49:49"
444,AU968,2024,1,300,"2025-08-07 22:49:49"
445,AU969,2024,1,351,"2025-08-07 22:49:49"
446,AU970,2024,1,317,"2025-08-07 22:49:49"
447,AU971,2024,1,321,"2025-08-07 22:49:49"
448,AU972,2024,1,341,"2025-08-07 22:49:49"
449,AU973,2024,1,465,"2025-08-07 22:49:49"
450,AU986,2024,1,424,"2025-08-07 22:49:49"
451,AU988,2024,1,475,"2025-08-07 22:49:49"
452,AU989,2024,1,300,"2025-08-07 22:49:49"
453,AU990,2024,1,350,"2025-08-07 22:49:49"
454,AU991,2024,1,346,"2025-08-07 22:49:49"
455,AU992,2024,1,282,"2025-08-07 22:49:49"
456,AC120,2024,1,269,"2025-08-07 22:49:49"
457,AC120,2024,2,269,"2025-08-07 22:49:49"
458,AC137,2024,1,254,"2025-08-07 22:49:49"
459,AC137,2024,2,254,"2025-08-07 22:49:49"
460,CT125,2024,1,225,"2025-08-07 22:49:49"
461,CT325,2024,1,318,"2025-08-07 22:49:49"
462,CM001,2024,1,473,"2025-08-07 22:49:49"
463,CM010,2024,1,317,"2025-08-07 22:49:49"
464,CM010,2024,2,317,"2025-08-07 22:49:49"
465,CM020,2024,1,336,"2025-08-07 22:49:49"
466,DB500,2024,1,411,"2025-08-07 22:49:49"
467,DB500,2024,2,329,"2025-08-07 22:49:49"
468,DB502,2024,1,298,"2025-08-07 22:49:49"
469,DB502,2024,2,288,"2025-08-07 22:49:49"
470,DB503,2024,1,341,"2025-08-07 22:49:49"
471,DB503,2024,2,280,"2025-08-07 22:49:49"
472,DB510,2024,1,308,"2025-08-07 22:49:49"
473,DB510,2024,2,261,"2025-08-07 22:49:49"
474,DB512,2024,1,244,"2025-08-07 22:49:49"
475,DB512,2024,2,244,"2025-08-07 22:49:49"
476,DB514,2024,1,220,"2025-08-07 22:49:49"
477,DB514,2024,2,220,"2025-08-07 22:49:49"
478,DB515,2024,1,235,"2025-08-07 22:49:49"
479,DB515,2024,2,212,"2025-08-07 22:49:49"
480,DB517,2024,1,271,"2025-08-07 22:49:49"
481,DB517,2024,2,271,"2025-08-07 22:49:49"
482,DB518,2024,1,281,"2025-08-07 22:49:49"
483,DB518,2024,2,220,"2025-08-07 22:49:49"
484,DB520,2024,1,297,"2025-08-07 22:49:49"
485,DB520,2024,2,260,"2025-08-07 22:49:49"
486,DB521,2024,1,269,"2025-08-07 22:49:49"
487,DB521,2024,2,194,"2025-08-07 22:49:49"
488,DB524,2024,1,298,"2025-08-07 22:49:49"
489,DB526,2024,1,292,"2025-08-07 22:49:49"
490,DB526,2024,2,279,"2025-08-07 22:49:49"
491,DB531,2024,1,244,"2025-08-07 22:49:49"
492,DB531,2024,2,244,"2025-08-07 22:49:49"
493,DB562,2024,1,251,"2025-08-07 22:49:49"
494,DB562,2024,2,225,"2025-08-07 22:49:49"
495,DB566,2024,1,252,"2025-08-07 22:49:49"
496,DB566,2024,2,114,"2025-08-07 22:49:49"
497,DB567,2024,1,244,"2025-08-07 22:49:49"
498,DB567,2024,2,244,"2025-08-07 22:49:49"
499,DB568,2024,1,261,"2025-08-07 22:49:49"
500,DB568,2024,2,261,"2025-08-07 22:49:49"
501,DB569,2024,1,284,"2025-08-07 22:49:49"
502,DC001,2024,1,420,"2025-08-07 22:49:49"
503,DC002,2024,1,480,"2025-08-07 22:49:49"
504,DC002,2024,2,478,"2025-08-07 22:49:49"
505,DC010,2024,1,420,"2025-08-07 22:49:49"
506,DC011,2024,1,418,"2025-08-07 22:49:49"
507,DC012,2024,1,422,"2025-08-07 22:49:49"
508,DC013,2024,1,419,"2025-08-07 22:49:49"
509,DC015,2024,1,400,"2025-08-07 22:49:49"
510,DC110,2024,1,488,"2025-08-07 22:49:49"
511,DC111,2024,1,508,"2025-08-07 22:49:49"
512,DC112,2024,1,521,"2025-08-07 22:49:49"
513,DC113,2024,1,477,"2025-08-07 22:49:49"
514,DC114,2024,1,554,"2025-08-07 22:49:49"
515,DC115,2024,1,523,"2025-08-07 22:49:49"
516,DC116,2024,1,613,"2025-08-07 22:49:49"
517,DC116,2024,2,601,"2025-08-07 22:49:49"
518,DC117,2024,1,498,"2025-08-07 22:49:49"
519,DC117,2024,2,488,"2025-08-07 22:49:49"
520,DC118,2024,1,377,"2025-08-07 22:49:49"
521,DC119,2024,1,566,"2025-08-07 22:49:49"
522,DC120,2024,1,414,"2025-08-07 22:49:49"
523,DC121,2024,1,498,"2025-08-07 22:49:49"
524,DC123,2024,1,499,"2025-08-07 22:49:49"
525,DC126,2024,1,578,"2025-08-07 22:49:49"
526,DC127,2024,1,545,"2025-08-07 22:49:49"
527,DC131,2024,1,357,"2025-08-07 22:49:49"
528,DC132,2024,1,389,"2025-08-07 22:49:49"
529,DC133,2024,1,387,"2025-08-07 22:49:49"
530,DC155,2024,1,393,"2025-08-07 22:49:49"
531,DC161,2024,1,431,"2025-08-07 22:49:49"
532,DC162,2024,1,485,"2025-08-07 22:49:49"
533,DC163,2024,1,404,"2025-08-07 22:49:49"
534,DC166,2024,1,434,"2025-08-07 22:49:49"
535,DC168,2024,1,532,"2025-08-07 22:49:49"
536,DC175,2024,1,402,"2025-08-07 22:49:49"
537,DC180,2024,1,487,"2025-08-07 22:49:49"
538,DC181,2024,1,520,"2025-08-07 22:49:49"
539,DC190,2024,1,520,"2025-08-07 22:49:49"
540,DC193,2024,1,520,"2025-08-07 22:49:49"
541,DC194,2024,1,510,"2025-08-07 22:49:49"
542,DC195,2024,1,522,"2025-08-07 22:49:49"
543,DC197,2024,1,533,"2025-08-07 22:49:49"
544,DC200,2024,1,521,"2025-08-07 22:49:49"
545,DC202,2024,1,511,"2025-08-07 22:49:49"
546,DC203,2024,1,434,"2025-08-07 22:49:49"
547,DC204,2024,1,565,"2025-08-07 22:49:49"
548,DC205,2024,1,542,"2025-08-07 22:49:49"
549,DC206,2024,1,508,"2025-08-07 22:49:49"
550,DC207,2024,1,487,"2025-08-07 22:49:49"
551,DC208,2024,1,555,"2025-08-07 22:49:49"
552,DC209,2024,1,420,"2025-08-07 22:49:49"
553,DC210,2024,1,496,"2025-08-07 22:49:49"
554,DC215,2024,1,411,"2025-08-07 22:49:49"
555,DC216,2024,1,340,"2025-08-07 22:49:49"
556,DC217,2024,1,310,"2025-08-07 22:49:49"
557,DC218,2024,1,487,"2025-08-07 22:49:49"
558,DC230,2024,1,451,"2025-08-07 22:49:49"
559,DC231,2024,1,371,"2025-08-07 22:49:49"
560,DC232,2024,1,489,"2025-08-07 22:49:49"
561,DC235,2024,1,337,"2025-08-07 22:49:49"
562,DC238,2024,1,337,"2025-08-07 22:49:49"
563,DC240,2024,1,477,"2025-08-07 22:49:49"
564,DC241,2024,1,464,"2025-08-07 22:49:49"
565,DC294,2024,1,454,"2025-08-07 22:49:49"
566,DL822,2024,1,256,"2025-08-07 22:49:49"
567,DL822,2024,2,256,"2025-08-07 22:49:49"
568,DL823,2024,1,247,"2025-08-07 22:49:49"
569,DL823,2024,2,247,"2025-08-07 22:49:49"
570,DL825,2024,1,388,"2025-08-07 22:49:49"
571,DL836,2024,1,210,"2025-08-07 22:49:49"
572,DL836,2024,2,210,"2025-08-07 22:49:49"
573,DL837,2024,1,226,"2025-08-07 22:49:49"
574,DL837,2024,2,226,"2025-08-07 22:49:49"
575,DL840,2024,1,203,"2025-08-07 22:49:49"
576,DL840,2024,2,203,"2025-08-07 22:49:49"
577,DL841,2024,1,254,"2025-08-07 22:49:49"
578,DL841,2024,2,254,"2025-08-07 22:49:49"
579,DL848,2024,1,244,"2025-08-07 22:49:49"
580,DL848,2024,2,244,"2025-08-07 22:49:49"
581,DL849,2024,1,256,"2025-08-07 22:49:49"
582,DL849,2024,2,256,"2025-08-07 22:49:49"
583,GC200,2024,1,249,"2025-08-07 22:49:49"
584,GC200,2024,2,249,"2025-08-07 22:49:49"
585,GC230,2024,1,242,"2025-08-07 22:49:49"
586,GC230,2024,2,235,"2025-08-07 22:49:49"
587,GC300,2024,1,252,"2025-08-07 22:49:49"
588,GC300,2024,2,252,"2025-08-07 22:49:49"
589,GC400,2024,1,283,"2025-08-07 22:49:49"
590,GC400,2024,2,283,"2025-08-07 22:49:49"
591,GC401,2024,1,254,"2025-08-07 22:49:49"
592,GC401,2024,2,254,"2025-08-07 22:49:49"
593,GC402,2024,1,246,"2025-08-07 22:49:49"
594,GC402,2024,2,246,"2025-08-07 22:49:49"
595,GC403,2024,1,249,"2025-08-07 22:49:49"
596,GC403,2024,2,249,"2025-08-07 22:49:49"
597,GC407,2024,1,260,"2025-08-07 22:49:49"
598,GC407,2024,2,260,"2025-08-07 22:49:49"
599,GC409,2024,1,244,"2025-08-07 22:49:49"
600,GC409,2024,2,236,"2025-08-07 22:49:49"
601,GC418,2024,1,378,"2025-08-07 22:49:49"
602,GC418,2024,2,232,"2025-08-07 22:49:49"
603,GC430,2024,1,249,"2025-08-07 22:49:49"
604,GC430,2024,2,220,"2025-08-07 22:49:49"
605,GC450,2024,1,275,"2025-08-07 22:49:49"
606,GC450,2024,2,275,"2025-08-07 22:49:49"
607,GC456,2024,1,292,"2025-08-07 22:49:49"
608,GC456,2024,2,219,"2025-08-07 22:49:49"
609,BY001,2024,1,290,"2025-08-07 22:49:49"
610,AD215,2024,1,319,"2025-08-07 22:49:49"
611,NC003,2024,1,260,"2025-08-07 22:49:49"
612,NC005,2024,1,281,"2025-08-07 22:49:49"
613,NC009,2024,1,270,"2025-08-07 22:49:49"
614,NC010,2024,1,392,"2025-08-07 22:49:49"
615,NC022,2024,1,330,"2025-08-07 22:49:49"
616,NC025,2024,1,341,"2025-08-07 22:49:49"
617,NC025,2024,2,341,"2025-08-07 22:49:49"
618,RC006,2024,1,487,"2025-08-07 22:49:49"
619,RC006,2024,2,475,"2025-08-07 22:49:49"
620,TU801,2024,1,236,"2025-08-07 22:49:49"
621,TU801,2024,2,236,"2025-08-07 22:49:49"
622,TU802,2024,1,253,"2025-08-07 22:49:49"
623,TU802,2024,2,253,"2025-08-07 22:49:49"
624,TU804,2024,1,301,"2025-08-07 22:49:49"
625,TU805,2024,1,443,"2025-08-07 22:49:49"
626,TU807,2024,1,260,"2025-08-07 22:49:49"
627,TU810,2024,1,261,"2025-08-07 22:49:49"
628,TU811,2024,1,423,"2025-08-07 22:49:49"
629,TU828,2024,1,327,"2025-08-07 22:49:49"
630,TU831,2024,1,410,"2025-08-07 22:49:49"
631,TU833,2024,1,400,"2025-08-07 22:49:49"
632,TU835,2024,1,316,"2025-08-07 22:49:49"
633,TU836,2024,1,411,"2025-08-07 22:49:49"
634,TU837,2024,1,414,"2025-08-07 22:49:49"
635,TU850,2024,1,403,"2025-08-07 22:49:49"
636,TU851,2024,1,304,"2025-08-07 22:49:49"
637,TU851,2024,2,304,"2025-08-07 22:49:49"
638,TU852,2024,1,423,"2025-08-07 22:49:49"
639,TU854,2024,1,440,"2025-08-07 22:49:49"
640,TU855,2024,1,326,"2025-08-07 22:49:49"
641,TU856,2024,1,454,"2025-08-07 22:49:49"
642,TU857,2024,1,410,"2025-08-07 22:49:49"
643,TU858,2024,1,413,"2025-08-07 22:49:49"
644,TU860,2024,1,280,"2025-08-07 22:49:49"
645,TU862,2024,1,244,"2025-08-07 22:49:49"
646,TU863,2024,1,300,"2025-08-07 22:49:49"
647,TU864,2024,1,430,"2025-08-07 22:49:49"
648,TU865,2024,1,242,"2025-08-07 22:49:49"
649,TU866,2024,1,475,"2025-08-07 22:49:49"
650,TU867,2024,1,522,"2025-08-07 22:49:49"
651,TU868,2024,1,477,"2025-08-07 22:49:49"
652,TU869,2024,1,300,"2025-08-07 22:49:49"
653,TU869,2024,2,300,"2025-08-07 22:49:49"
654,TU870,2024,1,555,"2025-08-07 22:49:49"
655,TU871,2024,1,544,"2025-08-07 22:49:49"
656,TU872,2024,1,390,"2025-08-07 22:49:49"
657,TU874,2024,1,302,"2025-08-07 22:49:49"
658,TU874,2024,2,302,"2025-08-07 22:49:49"
659,TU875,2024,1,381,"2025-08-07 22:49:49"
660,TU876,2024,1,383,"2025-08-07 22:49:49"
661,TU877,2024,1,357,"2025-08-07 22:49:49"
662,TU877,2024,2,357,"2025-08-07 22:49:49"
663,TU878,2024,1,363,"2025-08-07 22:49:49"
664,TU879,2024,1,339,"2025-08-07 22:49:49"
665,TU879,2024,2,331,"2025-08-07 22:49:49"
666,TU880,2024,1,371,"2025-08-07 22:49:49"
667,TU881,2024,1,330,"2025-08-07 22:49:49"
668,TU882,2024,1,309,"2025-08-07 22:49:49"
669,TU889,2024,1,421,"2025-08-07 22:49:49"
670,TU902,2024,1,214,"2025-08-07 22:49:49"
671,TU902,2024,2,214,"2025-08-07 22:49:49"
672,TU903,2024,1,451,"2025-08-07 22:49:49"
673,TU904,2024,1,445,"2025-08-07 22:49:49"
674,TU905,2024,1,423,"2025-08-07 22:49:49"
675,TU906,2024,1,326,"2025-08-07 22:49:49"
676,TU907,2024,1,307,"2025-08-07 22:49:49"
677,TU910,2024,1,380,"2025-08-07 22:49:49"
678,TU912,2024,1,338,"2025-08-07 22:49:49"
679,TU914,2024,1,320,"2025-08-07 22:49:49"
680,TU917,2024,1,347,"2025-08-07 22:49:49"
681,TU918,2024,1,420,"2025-08-07 22:49:49"
682,TU919,2024,1,218,"2025-08-07 22:49:49"
683,TU919,2024,2,218,"2025-08-07 22:49:49"
684,TU920,2024,1,272,"2025-08-07 22:49:49"
685,TU921,2024,1,226,"2025-08-07 22:49:49"
686,TU922,2024,1,388,"2025-08-07 22:49:49"
687,TU924,2024,1,252,"2025-08-07 22:49:49"
688,TU924,2024,2,243,"2025-08-07 22:49:49"
689,TU932,2024,1,200,"2025-08-07 22:49:49"
690,TU932,2024,2,200,"2025-08-07 22:49:49"
691,TU933,2024,1,260,"2025-08-07 22:49:49"
692,TU935,2024,1,300,"2025-08-07 22:49:49"
693,TU936,2024,1,451,"2025-08-07 22:49:49"
694,TU942,2024,1,224,"2025-08-07 22:49:49"
695,TU951,2024,1,238,"2025-08-07 22:49:49"
696,TU951,2024,2,238,"2025-08-07 22:49:49"
697,TU952,2024,1,269,"2025-08-07 22:49:49"
698,TU954,2024,1,293,"2025-08-07 22:49:49"
699,TU965,2024,1,291,"2025-08-07 22:49:49"
700,TU976,2024,1,304,"2025-08-07 22:49:49"
701,TU976,2024,2,236,"2025-08-07 22:49:49"
702,TU978,2024,1,265,"2025-08-07 22:49:49"
703,TU981,2024,1,327,"2025-08-07 22:49:49"
704,TU982,2024,1,283,"2025-08-07 22:49:49"
705,TU983,2024,1,430,"2025-08-07 22:49:49"
706,TU984,2024,1,454,"2025-08-07 22:49:49"
707,TU985,2024,1,301,"2025-08-07 22:49:49"
708,TU989,2024,1,261,"2025-08-07 22:49:49"
709,TU989,2024,2,254,"2025-08-07 22:49:49"
710,TU991,2024,1,303,"2025-08-07 22:49:49"
711,TU992,2024,1,237,"2025-08-07 22:49:49"
712,TU992,2024,2,237,"2025-08-07 22:49:49"
713,TU995,2024,1,310,"2025-08-07 22:49:49"
714,TU996,2024,1,363,"2025-08-07 22:49:49"
715,TU997,2024,1,301,"2025-08-07 22:49:49"
716,TR002,2024,1,441,"2025-08-07 22:49:49"
717,TR002,2024,2,436,"2025-08-07 22:49:49"
718,TR003,2024,1,499,"2025-08-07 22:49:49"
719,TR003,2024,2,498,"2025-08-07 22:49:49"
720,TR004,2024,1,578,"2025-08-07 22:49:49"
721,TR005,2024,1,510,"2025-08-07 22:49:49"
722,TR006,2024,1,592,"2025-08-07 22:49:49"
723,TR006,2024,2,584,"2025-08-07 22:49:49"
724,TR007,2024,1,564,"2025-08-07 22:49:49"
725,TR007,2024,2,553,"2025-08-07 22:49:49"
726,TR016,2024,1,336,"2025-08-07 22:49:49"
727,TR018,2024,1,600,"2025-08-07 22:49:49"
728,TR019,2024,1,543,"2025-08-07 22:49:49"
729,TR021,2024,1,485,"2025-08-07 22:49:49"
730,TR021,2024,2,472,"2025-08-07 22:49:49"
731,TR022,2024,1,343,"2025-08-07 22:49:49"
732,TR023,2024,1,542,"2025-08-07 22:49:49"
733,TR023,2024,2,529,"2025-08-07 22:49:49"
734,TR024,2024,1,555,"2025-08-07 22:49:49"
735,TR028,2024,1,422,"2025-08-07 22:49:49"
736,TR033,2024,1,531,"2025-08-07 22:49:49"
737,TR033,2024,2,522,"2025-08-07 22:49:49"
738,TR035,2024,1,551,"2025-08-07 22:49:49"
739,TR035,2024,2,517,"2025-08-07 22:49:49"
740,TR039,2024,1,499,"2025-08-07 22:49:49"
741,TR039,2024,2,498,"2025-08-07 22:49:49"
742,TR040,2024,1,443,"2025-08-07 22:49:49"
743,TR040,2024,2,388,"2025-08-07 22:49:49"
744,TR041,2024,1,350,"2025-08-07 22:49:49"
745,TR043,2024,1,486,"2025-08-07 22:49:49"
746,TR053,2024,1,578,"2025-08-07 22:49:49"
747,TR053,2024,2,577,"2025-08-07 22:49:49"
748,TR055,2024,1,543,"2025-08-07 22:49:49"
749,TR055,2024,2,542,"2025-08-07 22:49:49"
750,TR062,2024,1,445,"2025-08-07 22:49:49"
751,TR064,2024,1,543,"2025-08-07 22:49:49"
752,TR081,2024,1,555,"2025-08-07 22:49:49"
753,TR084,2024,1,444,"2025-08-07 22:49:49"
754,TR086,2024,1,488,"2025-08-07 22:49:49"
755,TR087,2024,1,465,"2025-08-07 22:49:49"
756,TR087,2024,2,423,"2025-08-07 22:49:49"
757,TR089,2024,1,478,"2025-08-07 22:49:49"
758,TR090,2024,1,568,"2025-08-07 22:49:49"
759,TR090,2024,2,567,"2025-08-07 22:49:49"
760,TR091,2024,1,392,"2025-08-07 22:49:49"
761,TR091,2024,2,390,"2025-08-07 22:49:49"
762,TR095,2024,1,341,"2025-08-07 22:49:49"
763,TR095,2024,2,335,"2025-08-07 22:49:49"
764,TR097,2024,1,320,"2025-08-07 22:49:49"
765,TR911,2024,1,509,"2025-08-07 22:49:49"
766,TR911,2024,2,507,"2025-08-07 22:49:49"
767,TR913,2024,1,500,"2025-08-07 22:49:49"
768,TR913,2024,2,495,"2025-08-07 22:49:49"
769,DN100,2024,1,553,"2025-08-07 22:49:49"
770,DN100,2024,2,552,"2025-08-07 22:49:49"
771,DN120,2024,1,474,"2025-08-07 22:49:49"
772,DN130,2024,1,477,"2025-08-07 22:49:49"
773,DN150,2024,1,568,"2025-08-07 22:49:49"
774,DN200,2024,1,544,"2025-08-07 22:49:49"
775,DN240,2024,1,531,"2025-08-07 22:49:49"
776,DN250,2024,1,400,"2025-08-07 22:49:49"
777,DN261,2024,1,496,"2025-08-07 22:49:49"
778,DN261,2024,2,490,"2025-08-07 22:49:49"
779,DN262,2024,1,532,"2025-08-07 22:49:49"
780,DN310,2024,1,499,"2025-08-07 22:49:49"
781,DN310,2024,2,481,"2025-08-07 22:49:49"
782,DN420,2024,1,588,"2025-08-07 22:49:49"
783,DN425,2024,1,542,"2025-08-07 22:49:49"
784,DN430,2024,1,485,"2025-08-07 22:49:49"
785,DN430,2024,2,478,"2025-08-07 22:49:49"
786,DN440,2024,1,600,"2025-08-07 22:49:49"
787,DN450,2024,1,410,"2025-08-07 22:49:49"
788,DN450,2024,2,408,"2025-08-07 22:49:49"
789,DN451,2024,1,498,"2025-08-07 22:49:49"
790,DN451,2024,2,495,"2025-08-07 22:49:49"
791,DN452,2024,1,519,"2025-08-07 22:49:49"
792,DN453,2024,1,367,"2025-08-07 22:49:49"
793,DN530,2024,1,467,"2025-08-07 22:49:49"
794,DN530,2024,2,466,"2025-08-07 22:49:49"
795,DN600,2024,1,556,"2025-08-07 22:49:49"
796,DN610,2024,1,576,"2025-08-07 22:49:49"
797,DN620,2024,1,519,"2025-08-07 22:49:49"
798,DN650,2024,1,545,"2025-08-07 22:49:49"
799,DN660,2024,1,542,"2025-08-07 22:49:49"
800,DN670,2024,1,625,"2025-08-07 22:49:49"
801,DN700,2024,1,468,"2025-08-07 22:49:49"
802,DN710,2024,1,532,"2025-08-07 22:49:49"
803,DN720,2024,1,565,"2025-08-07 22:49:49"
804,DN720,2024,2,554,"2025-08-07 22:49:49"
805,DN750,2024,1,410,"2025-08-07 22:49:49"
806,DN760,2024,1,478,"2025-08-07 22:49:49"
807,DN760,2024,2,473,"2025-08-07 22:49:49"
808,DK801,2024,1,298,"2025-08-07 22:49:49"
809,DK801,2024,2,252,"2025-08-07 22:49:49"
810,DK802,2024,1,244,"2025-08-07 22:49:49"
811,DK802,2024,2,244,"2025-08-07 22:49:49"
812,DK810,2024,1,227,"2025-08-07 22:49:49"
813,DK810,2024,2,227,"2025-08-07 22:49:49"
814,DK816,2024,1,209,"2025-08-07 22:49:49"
815,DK816,2024,2,209,"2025-08-07 22:49:49"
816,DK818,2024,1,289,"2025-08-07 22:49:49"
817,DK818,2024,2,255,"2025-08-07 22:49:49"
818,DK820,2024,1,279,"2025-08-07 22:49:49"
819,DK820,2024,2,279,"2025-08-07 22:49:49"
820,DK821,2024,1,222,"2025-08-07 22:49:49"
821,DK821,2024,2,222,"2025-08-07 22:49:49"
822,DK823,2024,1,325,"2025-08-07 22:49:49"
823,DK823,2024,2,325,"2025-08-07 22:49:49"
824,DK824,2024,1,240,"2025-08-07 22:49:49"
825,DK830,2024,1,194,"2025-08-07 22:49:49"
826,DK831,2024,1,234,"2025-08-07 22:49:49"
827,DK832,2024,1,236,"2025-08-07 22:49:49"
828,DK834,2024,1,210,"2025-08-07 22:49:49"
829,DK843,2024,1,368,"2025-08-07 22:49:49"
830,DK843,2024,2,368,"2025-08-07 22:49:49"
831,DK844,2024,1,381,"2025-08-07 22:49:49"
832,DK844,2024,2,339,"2025-08-07 22:49:49"
833,DK845,2024,1,393,"2025-08-07 22:49:49"
834,DK846,2024,1,392,"2025-08-07 22:49:49"
835,DK850,2024,1,240,"2025-08-07 22:49:49"
836,DK851,2024,1,291,"2025-08-07 22:49:49"
837,DK851,2024,2,291,"2025-08-07 22:49:49"
838,DK852,2024,1,271,"2025-08-07 22:49:49"
839,DK853,2024,1,328,"2025-08-07 22:49:49"
840,DK861,2024,1,234,"2025-08-07 22:49:49"
841,DK861,2024,2,234,"2025-08-07 22:49:49"
842,DK862,2024,1,266,"2025-08-07 22:49:49"
843,DK863,2024,1,228,"2025-08-07 22:49:49"
844,DK863,2024,2,228,"2025-08-07 22:49:49"
845,DK864,2024,1,248,"2025-08-07 22:49:49"
846,DK864,2024,2,248,"2025-08-07 22:49:49"
847,DK865,2024,1,261,"2025-08-07 22:49:49"
848,DK867,2024,1,225,"2025-08-07 22:49:49"
849,DK867,2024,2,225,"2025-08-07 22:49:49"
850,DK870,2024,1,368,"2025-08-07 22:49:49"
851,DK872,2024,1,271,"2025-08-07 22:49:49"
852,DK872,2024,2,227,"2025-08-07 22:49:49"
853,DK874,2024,1,270,"2025-08-07 22:49:49"
854,DK874,2024,2,235,"2025-08-07 22:49:49"
855,DK876,2024,1,224,"2025-08-07 22:49:49"
856,DK877,2024,1,413,"2025-08-07 22:49:49"
857,DK880,2024,1,251,"2025-08-07 22:49:49"
858,DK880,2024,2,244,"2025-08-07 22:49:49"
859,DK882,2024,1,358,"2025-08-07 22:49:49"
860,DK883,2024,1,253,"2025-08-07 22:49:49"
861,DK883,2024,2,253,"2025-08-07 22:49:49"
862,DK888,2024,1,251,"2025-08-07 22:49:49"
863,DK888,2024,2,251,"2025-08-07 22:49:49"
864,DK892,2024,1,272,"2025-08-07 22:49:49"
865,DK892,2024,2,272,"2025-08-07 22:49:49"
866,GY101,2024,1,300,"2025-08-07 22:49:49"
867,GY104,2024,1,534,"2025-08-07 22:49:49"
868,GY105,2024,1,340,"2025-08-07 22:49:49"
869,GY109,2024,1,433,"2025-08-07 22:49:49"
870,GY110,2024,1,401,"2025-08-07 22:49:49"
871,GY111,2024,1,413,"2025-08-07 22:49:49"
872,GY113,2024,1,343,"2025-08-07 22:49:49"
873,GY118,2024,1,410,"2025-08-07 22:49:49"
874,GY119,2024,1,360,"2025-08-07 22:49:49"
875,GY122,2024,1,399,"2025-08-07 22:49:49"
876,GY123,2024,1,320,"2025-08-07 22:49:49"
877,GY125,2024,1,413,"2025-08-07 22:49:49"
878,GY127,2024,1,409,"2025-08-07 22:49:49"
879,GY128,2024,1,377,"2025-08-07 22:49:49"
880,GY129,2024,1,360,"2025-08-07 22:49:49"
881,GY130,2024,1,348,"2025-08-07 22:49:49"
882,GY132,2024,1,351,"2025-08-07 22:49:49"
883,GY133,2024,1,413,"2025-08-07 22:49:49"
884,GY134,2024,1,350,"2025-08-07 22:49:49"
885,GY135,2024,1,357,"2025-08-07 22:49:49"
886,GY136,2024,1,411,"2025-08-07 22:49:49"
887,GY137,2024,1,358,"2025-08-07 22:49:49"
888,GY201,2024,1,430,"2025-08-07 22:49:49"
889,GY202,2024,1,519,"2025-08-07 22:49:49"
890,GY203,2024,1,520,"2025-08-07 22:49:49"
891,GY204,2024,1,509,"2025-08-07 22:49:49"
892,GY206,2024,1,507,"2025-08-07 22:49:49"
893,GY207,2024,1,509,"2025-08-07 22:49:49"
894,GY208,2024,1,441,"2025-08-07 22:49:49"
895,GY209,2024,1,540,"2025-08-07 22:49:49"
896,GY250,2024,1,500,"2025-08-07 22:49:49"
897,GY251,2024,1,500,"2025-08-07 22:49:49"
898,GY252,2024,1,506,"2025-08-07 22:49:49"
899,GY254,2024,1,501,"2025-08-07 22:49:49"
900,GY301,2024,1,400,"2025-08-07 22:49:49"
901,GY303,2024,1,577,"2025-08-07 22:49:49"
902,GY304,2024,1,470,"2025-08-07 22:49:49"
903,GY308,2024,1,405,"2025-08-07 22:49:49"
904,GY309,2024,1,473,"2025-08-07 22:49:49"
905,GY309,2024,2,454,"2025-08-07 22:49:49"
906,GY310,2024,1,420,"2025-08-07 22:49:49"
907,GY310,2024,2,402,"2025-08-07 22:49:49"
908,GY313,2024,1,408,"2025-08-07 22:49:49"
909,GY314,2024,1,417,"2025-08-07 22:49:49"
910,GY318,2024,1,510,"2025-08-07 22:49:49"
911,GY319,2024,1,510,"2025-08-07 22:49:49"
912,GY320,2024,1,401,"2025-08-07 22:49:49"
913,GY321,2024,1,478,"2025-08-07 22:49:49"
914,GY322,2024,1,409,"2025-08-07 22:49:49"
915,GY350,2024,1,498,"2025-08-07 22:49:49"
916,GY401,2024,1,532,"2025-08-07 22:49:49"
917,GY402,2024,1,500,"2025-08-07 22:49:49"
918,GY405,2024,1,544,"2025-08-07 22:49:49"
919,GY406,2024,1,520,"2025-08-07 22:49:49"
920,GY408,2024,1,578,"2025-08-07 22:49:49"
921,GY410,2024,1,518,"2025-08-07 22:49:49"
922,GY413,2024,1,516,"2025-08-07 22:49:49"
923,GY414,2024,1,509,"2025-08-07 22:49:49"
924,GY502,2024,1,554,"2025-08-07 22:49:49"
925,GY502,2024,2,553,"2025-08-07 22:49:49"
926,GY503,2024,1,544,"2025-08-07 22:49:49"
927,GY503,2024,2,540,"2025-08-07 22:49:49"
928,GY504,2024,1,445,"2025-08-07 22:49:49"
929,GY515,2024,1,429,"2025-08-07 22:49:49"
930,GY516,2024,1,378,"2025-08-07 22:49:49"
931,GY517,2024,1,451,"2025-08-07 22:49:49"
932,MI002,2024,1,280,"2025-08-07 22:49:49"
933,MI003,2024,1,484,"2025-08-07 22:49:49"
934,MI004,2024,1,565,"2025-08-07 22:49:49"
935,MI005,2024,1,488,"2025-08-07 22:49:49"
936,MI007,2024,1,376,"2025-08-07 22:49:49"
937,MI008,2024,1,590,"2025-08-07 22:49:49"
938,MI009,2024,1,387,"2025-08-07 22:49:49"
939,MI010,2024,1,378,"2025-08-07 22:49:49"
940,MI016,2024,1,413,"2025-08-07 22:49:49"
941,MI017,2024,1,367,"2025-08-07 22:49:49"
942,MI018,2024,1,431,"2025-08-07 22:49:49"
943,MI019,2024,1,419,"2025-08-07 22:49:49"
944,MI020,2024,1,476,"2025-08-07 22:49:49"
945,MI021,2024,1,414,"2025-08-07 22:49:49"
946,MI022,2024,1,531,"2025-08-07 22:49:49"
947,LM002,2024,1,316,"2025-08-07 22:49:49"
948,LM019,2024,1,462,"2025-08-07 22:49:49"
949,LM019,2024,2,452,"2025-08-07 22:49:49"
950,LM020,2024,1,433,"2025-08-07 22:49:49"
951,LM027,2024,1,576,"2025-08-07 22:49:49"
952,LM028,2024,1,379,"2025-08-07 22:49:49"
953,LM029,2024,1,507,"2025-08-07 22:49:49"
954,LM038,2024,1,485,"2025-08-07 22:49:49"
955,LM039,2024,1,420,"2025-08-07 22:49:49"
956,LM040,2024,1,398,"2025-08-07 22:49:49"
957,LM044,2024,1,402,"2025-08-07 22:49:49"
958,LM050,2024,1,451,"2025-08-07 22:49:49"
959,LM056,2024,1,544,"2025-08-07 22:49:49"
960,LM058,2024,1,444,"2025-08-07 22:49:49"
961,LM063,2024,1,398,"2025-08-07 22:49:49"
962,LM066,2024,1,420,"2025-08-07 22:49:49"
963,LM068,2024,1,430,"2025-08-07 22:49:49"
964,LM077,2024,1,554,"2025-08-07 22:49:49"
965,LM082,2024,1,468,"2025-08-07 22:49:49"
966,LM089,2024,1,502,"2025-08-07 22:49:49"
967,LM090,2024,1,533,"2025-08-07 22:49:49"
968,LM091,2024,1,452,"2025-08-07 22:49:49"
969,LM092,2024,1,499,"2025-08-07 22:49:49"
970,LM093,2024,1,357,"2025-08-07 22:49:49"
971,LM094,2024,1,475,"2025-08-07 22:49:49"
972,LM095,2024,1,422,"2025-08-07 22:49:49"
973,LM096,2024,1,435,"2025-08-07 22:49:49"
974,LM097,2024,1,443,"2025-08-07 22:49:49"
975,LM099,2024,1,521,"2025-08-07 22:49:49"
976,LM102,2024,1,519,"2025-08-07 22:49:49"
977,LM104,2024,1,568,"2025-08-07 22:49:49"
978,LM104,2024,2,556,"2025-08-07 22:49:49"
979,LM105,2024,1,412,"2025-08-07 22:49:49"
980,LM113,2024,1,368,"2025-08-07 22:49:49"
981,LM114,2024,1,380,"2025-08-07 22:49:49"
982,LM115,2024,1,466,"2025-08-07 22:49:49"
983,LM116,2024,1,510,"2025-08-07 22:49:49"
984,LM118,2024,1,443,"2025-08-07 22:49:49"
985,LM121,2024,1,422,"2025-08-07 22:49:49"
986,LM123,2024,1,488,"2025-08-07 22:49:49"
987,LM124,2024,1,456,"2025-08-07 22:49:49"
988,LM125,2024,1,445,"2025-08-07 22:49:49"
989,LM126,2024,1,424,"2025-08-07 22:49:49"
990,LM150,2024,1,430,"2025-08-07 22:49:49"
991,LM152,2024,1,388,"2025-08-07 22:49:49"
992,LM152,2024,2,379,"2025-08-07 22:49:49"
993,LM154,2024,1,321,"2025-08-07 22:49:49"
994,LM156,2024,1,433,"2025-08-07 22:49:49"
995,LM174,2024,1,488,"2025-08-07 22:49:49"
996,MU001,2024,1,290,"2025-08-07 22:49:49"
997,MU001,2024,2,290,"2025-08-07 22:49:49"
998,MU002,2024,1,371,"2025-08-07 22:49:49"
999,MU003,2024,1,497,"2025-08-07 22:49:49"
1000,MH001,2024,1,507,"2025-08-07 22:49:49"
1001,MH001,2024,2,500,"2025-08-07 22:49:49"
1002,MH003,2024,1,389,"2025-08-07 22:49:49"
1003,MH101,2024,1,307,"2025-08-07 22:49:49"
1004,MH106,2024,1,532,"2025-08-07 22:49:49"
1005,MH107,2024,1,318,"2025-08-07 22:49:49"
1006,MH109,2024,1,357,"2025-08-07 22:49:49"
1007,MH201,2024,1,350,"2025-08-07 22:49:49"
1008,MH202,2024,1,444,"2025-08-07 22:49:49"
1009,MH202,2024,2,442,"2025-08-07 22:49:49"
1010,MH203,2024,1,410,"2025-08-07 22:49:49"
1011,MH204,2024,1,383,"2025-08-07 22:49:49"
1012,MH206,2024,1,513,"2025-08-07 22:49:49"
1013,MH207,2024,1,423,"2025-08-07 22:49:49"
1014,MH208,2024,1,470,"2025-08-07 22:49:49"
1015,MH209,2024,1,518,"2025-08-07 22:49:49"
1016,MH210,2024,1,451,"2025-08-07 22:49:49"
1017,MH212,2024,1,420,"2025-08-07 22:49:49"
1018,MH221,2024,1,462,"2025-08-07 22:49:49"
1019,MH222,2024,1,441,"2025-08-07 22:49:49"
1020,MH304,2024,1,355,"2025-08-07 22:49:49"
1021,MH304,2024,2,355,"2025-08-07 22:49:49"
1022,MH305,2024,1,329,"2025-08-07 22:49:49"
1023,MH306,2024,1,350,"2025-08-07 22:49:49"
1024,MH401,2024,1,361,"2025-08-07 22:49:49"
1025,MH401,2024,2,358,"2025-08-07 22:49:49"
1026,MH402,2024,1,455,"2025-08-07 22:49:49"
1027,MH403,2024,1,409,"2025-08-07 22:49:49"
1028,MH404,2024,1,400,"2025-08-07 22:49:49"
1029,MH407,2024,1,400,"2025-08-07 22:49:49"
1030,MH409,2024,1,400,"2025-08-07 22:49:49"
1031,MH411,2024,1,360,"2025-08-07 22:49:49"
1032,MH412,2024,1,487,"2025-08-07 22:49:49"
1033,MH415,2024,1,423,"2025-08-07 22:49:49"
1034,MH416,2024,1,421,"2025-08-07 22:49:49"
1035,MH501,2024,1,451,"2025-08-07 22:49:49"
1036,MH502,2024,1,418,"2025-08-07 22:49:49"
1037,MH503,2024,1,430,"2025-08-07 22:49:49"
1038,MH601,2024,1,380,"2025-08-07 22:49:49"
1039,MH602,2024,1,401,"2025-08-07 22:49:49"
1040,MH603,2024,1,577,"2025-08-07 22:49:49"
1041,SC801,2024,1,382,"2025-08-07 22:49:49"
1042,US610,2024,1,348,"2025-08-07 22:49:50"
1043,US612,2024,1,316,"2025-08-07 22:49:50"
1044,US631,2024,1,200,"2025-08-07 22:49:50"
1045,US640,2024,1,179,"2025-08-07 22:49:50"
1046,US651,2024,1,254,"2025-08-07 22:49:50"
1047,US651,2024,2,215,"2025-08-07 22:49:50"
1048,US660,2024,1,252,"2025-08-07 22:49:50"
1049,US661,2024,1,270,"2025-08-07 22:49:50"
1050,US702,2024,1,308,"2025-08-07 22:49:50"
1051,US703,2024,1,281,"2025-08-07 22:49:50"
1052,US704,2024,1,285,"2025-08-07 22:49:50"
1053,US704,2024,2,218,"2025-08-07 22:49:50"
1054,US710,2024,1,205,"2025-08-07 22:49:50"
1055,US711,2024,1,270,"2025-08-07 22:49:50"
1056,US712,2024,1,270,"2025-08-07 22:49:50"
1057,US713,2024,1,226,"2025-08-07 22:49:50"
1058,US714,2024,1,220,"2025-08-07 22:49:50"
1059,US715,2024,1,243,"2025-08-07 22:49:50"
1060,US720,2024,1,231,"2025-08-07 22:49:50"
1061,US720,2024,2,222,"2025-08-07 22:49:50"
1062,US721,2024,1,278,"2025-08-07 22:49:50"
1063,US722,2024,1,217,"2025-08-07 22:49:50"
1064,US722,2024,2,196,"2025-08-07 22:49:50"
1065,US723,2024,1,179,"2025-08-07 22:49:50"
1066,US723,2024,2,137,"2025-08-07 22:49:50"
1067,US724,2024,1,210,"2025-08-07 22:49:50"
1068,US730,2024,1,297,"2025-08-07 22:49:50"
1069,US731,2024,1,320,"2025-08-07 22:49:50"
1070,US732,2024,1,256,"2025-08-07 22:49:50"
1071,US733,2024,1,222,"2025-08-07 22:49:50"
1072,US735,2024,1,358,"2025-08-07 22:49:50"
1073,US736,2024,1,317,"2025-08-07 22:49:50"
1074,US738,2024,1,390,"2025-08-07 22:49:50"
1075,US740,2024,1,239,"2025-08-07 22:49:50"
1076,US740,2024,2,148,"2025-08-07 22:49:50"
1077,US750,2024,1,289,"2025-08-07 22:49:50"
1078,US751,2024,1,227,"2025-08-07 22:49:50"
1079,US752,2024,1,280,"2025-08-07 22:49:50"
1080,US753,2024,1,197,"2025-08-07 22:49:50"
1081,US760,2024,1,234,"2025-08-07 22:49:50"
1082,US761,2024,1,240,"2025-08-07 22:49:50"
1083,US769,2024,1,303,"2025-08-07 22:49:50"
1084,US770,2024,1,233,"2025-08-07 22:49:50"
1085,US771,2024,1,300,"2025-08-07 22:49:50"
1086,US772,2024,1,327,"2025-08-07 22:49:50"
1087,US773,2024,1,231,"2025-08-07 22:49:50"
1088,US774,2024,1,254,"2025-08-07 22:49:50"
1089,US775,2024,1,298,"2025-08-07 22:49:50"
1090,US776,2024,1,230,"2025-08-07 22:49:50"
1091,US777,2024,1,207,"2025-08-07 22:49:50"
1092,US779,2024,1,307,"2025-08-07 22:49:50"
1093,US779,2024,2,259,"2025-08-07 22:49:50"
1094,US780,2024,1,196,"2025-08-07 22:49:50"
1095,US781,2024,1,144,"2025-08-07 22:49:50"
1096,US781,2024,2,144,"2025-08-07 22:49:50"
1097,US782,2024,1,218,"2025-08-07 22:49:50"
1098,US783,2024,1,306,"2025-08-07 22:49:50"
1099,US784,2024,1,218,"2025-08-07 22:49:50"
1100,US785,2024,1,230,"2025-08-07 22:49:50"
1101,US785,2024,2,227,"2025-08-07 22:49:50"
1102,US786,2024,1,188,"2025-08-07 22:49:50"
1103,US786,2024,2,188,"2025-08-07 22:49:50"
1104,US787,2024,1,271,"2025-08-07 22:49:50"
1105,US788,2024,1,241,"2025-08-07 22:49:50"
1106,US789,2024,1,216,"2025-08-07 22:49:50"
1107,US790,2024,1,211,"2025-08-07 22:49:50"
1108,US791,2024,1,242,"2025-08-07 22:49:50"
1109,US792,2024,1,222,"2025-08-07 22:49:50"
1110,US793,2024,1,251,"2025-08-07 22:49:50"
1111,US795,2024,1,163,"2025-08-07 22:49:50"
1112,US795,2024,2,163,"2025-08-07 22:49:50"
1113,SE209,2024,1,280,"2025-08-07 22:49:50"
1114,SE210,2024,1,195,"2025-08-07 22:49:50"
1115,SE212,2024,1,299,"2025-08-07 22:49:50"
1116,SE301,2024,1,233,"2025-08-07 22:49:50"
1117,SE414,2024,1,210,"2025-08-07 22:49:50"
1118,SE415,2024,1,206,"2025-08-07 22:49:50"
1119,SE416,2024,1,250,"2025-08-07 22:49:50"
1120,SE417,2024,1,190,"2025-08-07 22:49:50"
1121,SE418,2024,1,251,"2025-08-07 22:49:50"
1122,SE419,2024,1,152,"2025-08-07 22:49:50"
1123,SE421,2024,1,249,"2025-08-07 22:49:50"
1124,SE422,2024,1,212,"2025-08-07 22:49:50"
1125,SE423,2024,1,204,"2025-08-07 22:49:50"
1126,SE505,2024,1,270,"2025-08-07 22:49:50"
1127,SE506,2024,1,242,"2025-08-07 22:49:50"
1128,SE507,2024,1,179,"2025-08-07 22:49:50"
1129,SE508,2024,1,338,"2025-08-07 22:49:50"
1130,SE509,2024,1,211,"2025-08-07 22:49:50"
1131,SE510,2024,1,328,"2025-08-07 22:49:50"
1132,SE511,2024,1,207,"2025-08-07 22:49:50"
1133,SE512,2024,1,276,"2025-08-07 22:49:50"
1134,SE513,2024,1,357,"2025-08-07 22:49:50"
1135,SE514,2024,1,266,"2025-08-07 22:49:50"
1136,SE515,2024,1,246,"2025-08-07 22:49:50"
1137,SE516,2024,1,171,"2025-08-07 22:49:50"
1138,SE609,2024,1,263,"2025-08-07 22:49:50"
1139,SE610,2024,1,211,"2025-08-07 22:49:50"
1140,SE611,2024,1,241,"2025-08-07 22:49:50"
1141,SE612,2024,1,225,"2025-08-07 22:49:50"
1142,SE613,2024,1,204,"2025-08-07 22:49:50"
1143,SE614,2024,1,255,"2025-08-07 22:49:50"
1144,SE615,2024,1,259,"2025-08-07 22:49:50"
1145,SE616,2024,1,244,"2025-08-07 22:49:50"
1146,SE618,2024,1,307,"2025-08-07 22:49:50"
1147,SE716,2024,1,234,"2025-08-07 22:49:50"
1148,SE717,2024,1,273,"2025-08-07 22:49:50"
1149,SE719,2024,1,206,"2025-08-07 22:49:50"
1150,SE720,2024,1,207,"2025-08-07 22:49:50"
1151,SE721,2024,1,206,"2025-08-07 22:49:50"
1152,SE722,2024,1,243,"2025-08-07 22:49:50"
1153,SE723,2024,1,200,"2025-08-07 22:49:50"
1154,SE724,2024,1,360,"2025-08-07 22:49:50"
1155,SE725,2024,1,280,"2025-08-07 22:49:50"
1156,SE726,2024,1,261,"2025-08-07 22:49:50"
1157,SE727,2024,1,323,"2025-08-07 22:49:50"
1158,SE728,2024,1,266,"2025-08-07 22:49:50"
1159,SE729,2024,1,357,"2025-08-07 22:49:50"
1160,SE730,2024,1,274,"2025-08-07 22:49:50"
1161,SE731,2024,1,193,"2025-08-07 22:49:50"
1162,SE733,2024,1,297,"2025-08-07 22:49:50"
1163,SE735,2024,1,238,"2025-08-07 22:49:50"
1164,SE924,2024,1,200,"2025-08-07 22:49:50"
1165,SE925,2024,1,243,"2025-08-07 22:49:50"
1166,SE926,2024,1,188,"2025-08-07 22:49:50"
1167,SE927,2024,1,188,"2025-08-07 22:49:50"
1168,SE928,2024,1,225,"2025-08-07 22:49:50"
1169,SE932,2024,1,241,"2025-08-07 22:49:50"
1170,SE933,2024,1,170,"2025-08-07 22:49:50"
1171,SE933,2024,2,170,"2025-08-07 22:49:50"
1172,SE934,2024,1,198,"2025-08-07 22:49:50"
1173,SE935,2024,1,207,"2025-08-07 22:49:50"
1174,SE936,2024,1,424,"2025-08-07 22:49:50"
1175,SE937,2024,1,225,"2025-08-07 22:49:50"
1176,SE938,2024,1,133,"2025-08-07 22:49:50"
1177,MT510,2024,1,328,"2025-08-07 22:49:50"
1178,MT511,2024,1,269,"2025-08-07 22:49:50"
1179,MT512,2024,1,264,"2025-08-07 22:49:50"
1180,MT513,2024,1,173,"2025-08-07 22:49:50"
1181,MT513,2024,2,173,"2025-08-07 22:49:50"
1182,MT541,2024,1,225,"2025-08-07 22:49:50"
1183,MT550,2024,1,250,"2025-08-07 22:49:50"
1184,MT551,2024,1,222,"2025-08-07 22:49:50"
1185,MT552,2024,1,253,"2025-08-07 22:49:50"
1186,MT553,2024,1,190,"2025-08-07 22:49:50"
1187,MT554,2024,1,254,"2025-08-07 22:49:50"
1188,MT554,2024,2,245,"2025-08-07 22:49:50"
1189,MT555,2024,1,243,"2025-08-07 22:49:50"
1190,MT571,2024,1,223,"2025-08-07 22:49:50"
1191,MT573,2024,1,290,"2025-08-07 22:49:50"
1192,MT573,2024,2,260,"2025-08-07 22:49:50"
1193,MT574,2024,1,269,"2025-08-07 22:49:50"
1194,MT574,2024,2,260,"2025-08-07 22:49:50"
1195,MT575,2024,1,143,"2025-08-07 22:49:50"
1196,MT655,2024,1,151,"2025-08-07 22:49:50"
1197,MT655,2024,2,151,"2025-08-07 22:49:50"
1198,MT657,2024,1,283,"2025-08-07 22:49:50"
1199,MT680,2024,1,237,"2025-08-07 22:49:50"
1200,MT680,2024,2,237,"2025-08-07 22:49:50"
1201,MT682,2024,1,249,"2025-08-07 22:49:50"
1202,MT700,2024,1,390,"2025-08-07 22:49:50"
1203,MT703,2024,1,235,"2025-08-07 22:49:50"
1204,MT705,2024,1,320,"2025-08-07 22:49:50"
1205,MT706,2024,1,288,"2025-08-07 22:49:50"
1206,MT731,2024,1,259,"2025-08-07 22:49:50"
1207,MT732,2024,1,254,"2025-08-07 22:49:50"
1208,MT736,2024,1,310,"2025-08-07 22:49:50"
1209,MT739,2024,1,324,"2025-08-07 22:49:50"
1210,MT745,2024,1,321,"2025-08-07 22:49:50"
1211,MT746,2024,1,330,"2025-08-07 22:49:50"
1212,MT747,2024,1,253,"2025-08-07 22:49:50"
1213,MT748,2024,1,270,"2025-08-07 22:49:50"
1214,MT750,2024,1,289,"2025-08-07 22:49:50"
1215,MT758,2024,1,270,"2025-08-07 22:49:50"
1216,MT759,2024,1,304,"2025-08-07 22:49:50"
1217,MT760,2024,1,318,"2025-08-07 22:49:50"
1218,MT761,2024,1,270,"2025-08-07 22:49:50"
1219,MT764,2024,1,225,"2025-08-07 22:49:50"
1220,MT765,2024,1,282,"2025-08-07 22:49:50"
1221,MT766,2024,1,237,"2025-08-07 22:49:50"
1222,MT770,2024,1,308,"2025-08-07 22:49:50"
1223,MT772,2024,1,308,"2025-08-07 22:49:50"
1224,MT774,2024,1,320,"2025-08-07 22:49:50"
1225,MT775,2024,1,400,"2025-08-07 22:49:50"
1226,MT777,2024,1,253,"2025-08-07 22:49:50"
1227,MT781,2024,1,275,"2025-08-07 22:49:50"
1228,MT782,2024,1,319,"2025-08-07 22:49:50"
1229,MT784,2024,1,351,"2025-08-07 22:49:50"
1230,AU171,2024,1,437,"2025-08-07 22:49:50"
1231,AU172,2024,1,320,"2025-08-07 22:49:50"
1232,AU173,2024,1,253,"2025-08-07 22:49:50"
1233,AU174,2024,1,201,"2025-08-07 22:49:50"
1234,AU174,2024,2,201,"2025-08-07 22:49:50"
1235,AU190,2024,1,170,"2025-08-07 22:49:50"
1236,AU200,2024,1,233,"2025-08-07 22:49:50"
1237,AU210,2024,1,204,"2025-08-07 22:49:50"
1238,AU220,2024,1,160,"2025-08-07 22:49:50"
1239,AU220,2024,2,160,"2025-08-07 22:49:50"
1240,AU221,2024,1,222,"2025-08-07 22:49:50"
1241,AU222,2024,1,243,"2025-08-07 22:49:50"
1242,AU222,2024,2,236,"2025-08-07 22:49:50"
1243,AU230,2024,1,255,"2025-08-07 22:49:50"
1244,AU240,2024,1,226,"2025-08-07 22:49:50"
1245,AU241,2024,1,280,"2025-08-07 22:49:50"
1246,AU242,2024,1,235,"2025-08-07 22:49:50"
1247,AU243,2024,1,264,"2025-08-07 22:49:50"
1248,AU251,2024,1,257,"2025-08-07 22:49:50"
1249,AU252,2024,1,224,"2025-08-07 22:49:50"
1250,AU253,2024,1,280,"2025-08-07 22:49:50"
1251,AU260,2024,1,268,"2025-08-07 22:49:50"
1252,AU261,2024,1,206,"2025-08-07 22:49:50"
1253,AU261,2024,2,206,"2025-08-07 22:49:50"
1254,AU262,2024,1,261,"2025-08-07 22:49:50"
1255,AU270,2024,1,225,"2025-08-07 22:49:50"
1256,AU270,2024,2,225,"2025-08-07 22:49:50"
1257,AU271,2024,1,380,"2025-08-07 22:49:50"
1258,AU272,2024,1,251,"2025-08-07 22:49:50"
1259,AU290,2024,1,252,"2025-08-07 22:49:50"
1260,AU401,2024,1,162,"2025-08-07 22:49:50"
1261,AU401,2024,2,162,"2025-08-07 22:49:50"
1262,AU425,2024,1,250,"2025-08-07 22:49:50"
1263,AU426,2024,1,214,"2025-08-07 22:49:50"
1264,AU426,2024,2,214,"2025-08-07 22:49:50"
1265,AU429,2024,1,216,"2025-08-07 22:49:50"
1266,AU429,2024,2,216,"2025-08-07 22:49:50"
1267,AU491,2024,1,187,"2025-08-07 22:49:50"
1268,AU491,2024,2,187,"2025-08-07 22:49:50"
1269,AU501,2024,1,224,"2025-08-07 22:49:50"
1270,AU502,2024,1,253,"2025-08-07 22:49:50"
1271,AU503,2024,1,251,"2025-08-07 22:49:50"
1272,AU505,2024,1,254,"2025-08-07 22:49:50"
1273,AU519,2024,1,251,"2025-08-07 22:49:50"
1274,AU531,2024,1,232,"2025-08-07 22:49:50"
1275,AU532,2024,1,224,"2025-08-07 22:49:50"
1276,AU535,2024,1,262,"2025-08-07 22:49:50"
1277,AU536,2024,1,251,"2025-08-07 22:49:50"
1278,AU537,2024,1,255,"2025-08-07 22:49:50"
1279,AU538,2024,1,302,"2025-08-07 22:49:50"
1280,AU542,2024,1,250,"2025-08-07 22:49:50"
1281,AU545,2024,1,303,"2025-08-07 22:49:50"
1282,AU547,2024,1,300,"2025-08-07 22:49:50"
1283,AU549,2024,1,317,"2025-08-07 22:49:50"
1284,AU555,2024,1,300,"2025-08-07 22:49:50"
1285,AU556,2024,1,280,"2025-08-07 22:49:50"
1286,AU557,2024,1,269,"2025-08-07 22:49:50"
1287,AU568,2024,1,306,"2025-08-07 22:49:50"
1288,AU569,2024,1,282,"2025-08-07 22:49:50"
1289,AU576,2024,1,263,"2025-08-07 22:49:50"
1290,AU577,2024,1,254,"2025-08-07 22:49:50"
1291,AU583,2024,1,320,"2025-08-07 22:49:50"
1292,AU590,2024,1,244,"2025-08-07 22:49:50"
1293,AU590,2024,2,183,"2025-08-07 22:49:50"
1294,AU591,2024,1,211,"2025-08-07 22:49:50"
1295,AU593,2024,1,251,"2025-08-07 22:49:50"
1296,AU715,2024,1,260,"2025-08-07 22:49:50"
1297,AU717,2024,1,189,"2025-08-07 22:49:50"
1298,AU717,2024,2,189,"2025-08-07 22:49:50"
1299,AU725,2024,1,174,"2025-08-07 22:49:50"
1300,AU730,2024,1,168,"2025-08-07 22:49:50"
1301,AU730,2024,2,168,"2025-08-07 22:49:50"
1302,AU800,2024,1,224,"2025-08-07 22:49:50"
1303,AU802,2024,1,253,"2025-08-07 22:49:50"
1304,AU803,2024,1,225,"2025-08-07 22:49:50"
1305,AU804,2024,1,242,"2025-08-07 22:49:50"
1306,AU820,2024,1,270,"2025-08-07 22:49:50"
1307,AU821,2024,1,231,"2025-08-07 22:49:50"
1308,AU823,2024,1,229,"2025-08-07 22:49:50"
1309,AU824,2024,1,223,"2025-08-07 22:49:50"
1310,AU830,2024,1,270,"2025-08-07 22:49:50"
1311,AU831,2024,1,252,"2025-08-07 22:49:50"
1312,AU833,2024,1,260,"2025-08-07 22:49:50"
1313,AU833,2024,2,245,"2025-08-07 22:49:50"
1314,AU835,2024,1,289,"2025-08-07 22:49:50"
1315,AU836,2024,1,224,"2025-08-07 22:49:50"
1316,AU837,2024,1,225,"2025-08-07 22:49:50"
1317,AU846,2024,1,253,"2025-08-07 22:49:50"
1318,AU847,2024,1,264,"2025-08-07 22:49:50"
1319,AU848,2024,1,257,"2025-08-07 22:49:50"
1320,AU855,2024,1,280,"2025-08-07 22:49:50"
1321,AU856,2024,1,246,"2025-08-07 22:49:50"
1322,AU857,2024,1,241,"2025-08-07 22:49:50"
1323,AU858,2024,1,262,"2025-08-07 22:49:50"
1324,AU859,2024,1,260,"2025-08-07 22:49:50"
1325,AU861,2024,1,273,"2025-08-07 22:49:50"
1326,AU862,2024,1,281,"2025-08-07 22:49:50"
1327,DS701,2024,1,153,"2025-08-07 22:49:50"
1328,DS702,2024,1,215,"2025-08-07 22:49:50"
1329,DB534,2024,1,109,"2025-08-07 22:49:50"
1330,DB534,2024,2,109,"2025-08-07 22:49:50"
1331,DB563,2024,1,224,"2025-08-07 22:49:50"
1332,DB563,2024,2,146,"2025-08-07 22:49:50"
1333,DB571,2024,1,144,"2025-08-07 22:49:50"
1334,DB571,2024,2,144,"2025-08-07 22:49:50"
1335,DB572,2024,1,172,"2025-08-07 22:49:50"
1336,DB572,2024,2,172,"2025-08-07 22:49:50"
1337,DB574,2024,1,264,"2025-08-07 22:49:50"
1338,DB574,2024,2,264,"2025-08-07 22:49:50"
1339,DB576,2024,1,108,"2025-08-07 22:49:50"
1340,DB576,2024,2,108,"2025-08-07 22:49:50"
1341,GC335,2024,1,197,"2025-08-07 22:49:50"
1342,GC335,2024,2,145,"2025-08-07 22:49:50"
1343,GC435,2024,1,129,"2025-08-07 22:49:50"
1344,GC435,2024,2,129,"2025-08-07 22:49:50"
1345,GC465,2024,1,188,"2025-08-07 22:49:50"
1346,GC465,2024,2,170,"2025-08-07 22:49:50"
1347,GC480,2024,1,152,"2025-08-07 22:49:50"
1348,GC480,2024,2,152,"2025-08-07 22:49:50"
1349,GC490,2024,1,203,"2025-08-07 22:49:50"
1350,GC490,2024,2,171,"2025-08-07 22:49:50"
1351,GC495,2024,1,169,"2025-08-07 22:49:50"
1352,GC495,2024,2,169,"2025-08-07 22:49:50"
1353,BY002,2024,1,126,"2025-08-07 22:49:50"
1354,TU651,2024,1,252,"2025-08-07 22:49:50"
1355,TU654,2024,1,288,"2025-08-07 22:49:50"
1356,TU678,2024,1,251,"2025-08-07 22:49:50"
1357,TU701,2024,1,253,"2025-08-07 22:49:50"
1358,TU703,2024,1,242,"2025-08-07 22:49:50"
1359,TU704,2024,1,253,"2025-08-07 22:49:50"
1360,TU709,2024,1,405,"2025-08-07 22:49:50"
1361,TU713,2024,1,241,"2025-08-07 22:49:50"
1362,TU714,2024,1,223,"2025-08-07 22:49:50"
1363,TU716,2024,1,240,"2025-08-07 22:49:50"
1364,TU717,2024,1,260,"2025-08-07 22:49:50"
1365,TU721,2024,1,320,"2025-08-07 22:49:50"
1366,TU726,2024,1,208,"2025-08-07 22:49:50"
1367,TU731,2024,1,350,"2025-08-07 22:49:50"
1368,TU735,2024,1,280,"2025-08-07 22:49:50"
1369,TU736,2024,1,451,"2025-08-07 22:49:50"
1370,TU737,2024,1,301,"2025-08-07 22:49:50"
1371,TU745,2024,1,206,"2025-08-07 22:49:50"
1372,TU751,2024,1,410,"2025-08-07 22:49:50"
1373,TU751,2024,2,392,"2025-08-07 22:49:50"
1374,TU752,2024,1,422,"2025-08-07 22:49:50"
1375,TU754,2024,1,250,"2025-08-07 22:49:50"
1376,TU755,2024,1,280,"2025-08-07 22:49:50"
1377,TU756,2024,1,210,"2025-08-07 22:49:50"
1378,TU757,2024,1,272,"2025-08-07 22:49:50"
1379,TU758,2024,1,280,"2025-08-07 22:49:50"
1380,TU760,2024,1,300,"2025-08-07 22:49:50"
1381,TU762,2024,1,347,"2025-08-07 22:49:50"
1382,TU763,2024,1,352,"2025-08-07 22:49:50"
1383,TU781,2024,1,200,"2025-08-07 22:49:50"
1384,TU788,2024,1,201,"2025-08-07 22:49:50"
1385,TU791,2024,1,281,"2025-08-07 22:49:50"
1386,TU796,2024,1,304,"2025-08-07 22:49:50"
1387,TR801,2024,1,445,"2025-08-07 22:49:50"
1388,TR801,2024,2,409,"2025-08-07 22:49:50"
1389,DK711,2024,1,200,"2025-08-07 22:49:50"
1390,DK711,2024,2,200,"2025-08-07 22:49:50"
1391,DK712,2024,1,156,"2025-08-07 22:49:50"
1392,DK712,2024,2,156,"2025-08-07 22:49:50"
1393,DK721,2024,1,215,"2025-08-07 22:49:50"
1394,DK721,2024,2,183,"2025-08-07 22:49:50"
1395,DK723,2024,1,190,"2025-08-07 22:49:50"
1396,DK730,2024,1,210,"2025-08-07 22:49:50"
1397,DK731,2024,1,198,"2025-08-07 22:49:50"
1398,DK731,2024,2,198,"2025-08-07 22:49:50"
1399,DK732,2024,1,215,"2025-08-07 22:49:50"
1400,DK732,2024,2,215,"2025-08-07 22:49:50"
1401,DK734,2024,1,165,"2025-08-07 22:49:50"
1402,DK734,2024,2,165,"2025-08-07 22:49:50"
1403,DK740,2024,1,182,"2025-08-07 22:49:50"
1404,DK740,2024,2,182,"2025-08-07 22:49:50"
1405,DK742,2024,1,183,"2025-08-07 22:49:50"
1406,DK742,2024,2,183,"2025-08-07 22:49:50"
1407,DK744,2024,1,224,"2025-08-07 22:49:50"
1408,DK744,2024,2,224,"2025-08-07 22:49:50"
1409,DK752,2024,1,157,"2025-08-07 22:49:50"
1410,DK752,2024,2,157,"2025-08-07 22:49:50"
1411,DK753,2024,1,194,"2025-08-07 22:49:50"
1412,DK753,2024,2,194,"2025-08-07 22:49:50"
1413,DK768,2024,1,227,"2025-08-07 22:49:50"
1414,DK769,2024,1,210,"2025-08-07 22:49:50"
1415,DK769,2024,2,210,"2025-08-07 22:49:50"
1416,DK770,2024,1,228,"2025-08-07 22:49:50"
1417,DK770,2024,2,228,"2025-08-07 22:49:50"
1418,DK781,2024,1,166,"2025-08-07 22:49:50"
1419,DK781,2024,2,166,"2025-08-07 22:49:50"
1420,DK783,2024,1,209,"2025-08-07 22:49:50"
1421,DK783,2024,2,209,"2025-08-07 22:49:50"
1422,DK784,2024,1,410,"2025-08-07 22:49:50"
1423,DK792,2024,1,272,"2025-08-07 22:49:50"
1424,DK792,2024,2,272,"2025-08-07 22:49:50"
1425,LM180,2024,1,309,"2025-08-07 22:49:50"
1426,SC601,2024,1,370,"2025-08-07 22:49:50"
1427,SC701,2024,1,276,"2025-08-07 22:49:50"
